dataset,model_version,n_rows,method,fold,n_estimators,trimmed,error,train_s,infer_s,log_loss,brier,roc_auc
coil2000,v3.5_default,1000,tabpfn,0,,False,,2.5,1.44,0.21791340448765836,0.0554259236060731,0.7132092198581561
coil2000,v3.5_default,1000,cat,0,,False,,0.69,0.0,0.23103317665281334,0.05896612978741466,0.699468085106383
coil2000,v3.5_default,1000,xgb,0,,False,,0.13,0.0,0.35370662808418274,0.06439439952373505,0.6114804964539007
coil2000,v3.5_default,1000,lgbm,0,,False,,0.37,0.0,0.39883329146672686,0.06749813933304079,0.6307624113475178
coil2000,v3.5_default,1000,tabpfn,1,,False,,2.08,1.35,0.22465999945300008,0.05864819319918103,0.6830673758865249
coil2000,v3.5_default,1000,cat,1,,False,,0.64,0.0,0.2533345234357187,0.0619785825940967,0.6551418439716312
coil2000,v3.5_default,1000,xgb,1,,False,,0.11,0.0,0.33553922176361084,0.06750364601612091,0.709663120567376
coil2000,v3.5_default,1000,lgbm,1,,False,,0.37,0.0,0.40088833160434634,0.06731554007288305,0.6484929078014184
coil2000,v3.5_default,1000,tabpfn,2,,False,,4.01,2.62,0.20199177441940197,0.054692725574156935,0.7788120567375887
coil2000,v3.5_default,1000,cat,2,,False,,0.6,0.0,0.22225175348415122,0.05725212822282005,0.7256205673758865
coil2000,v3.5_default,1000,xgb,2,,False,,0.11,0.0,0.43268316984176636,0.08024465292692184,0.5567375886524824
coil2000,v3.5_default,1000,lgbm,2,,False,,0.38,0.0,0.47962191929381137,0.0832165386308097,0.7021276595744681
coil2000,v3.5_default,1000,tabpfn,3,,False,,2.27,1.39,0.19268183253983232,0.05296718484332895,0.8284574468085105
coil2000,v3.5_default,1000,cat,3,,False,,0.6,0.0,0.21375928496135863,0.0559289927759829,0.7881205673758865
coil2000,v3.5_default,1000,xgb,3,,False,,0.11,0.0,0.3346672058105469,0.06431740522384644,0.7074468085106382
coil2000,v3.5_default,1000,lgbm,3,,False,,0.38,0.0,0.3998031744697906,0.06421522044409494,0.6644503546099291
coil2000,v3.5_default,1000,tabpfn,4,,False,,2.06,1.55,0.17687218213583938,0.04915756400065614,0.8681294326241135
coil2000,v3.5_default,1000,cat,4,,False,,0.6,0.0,0.18197012432773,0.0486696247512403,0.8362145390070922
coil2000,v3.5_default,1000,xgb,4,,False,,0.12,0.0,0.24141016602516174,0.048904839903116226,0.8016400709219859
coil2000,v3.5_default,1000,lgbm,4,,False,,0.41,0.0,0.2776910365020273,0.05255841067318857,0.7972074468085106
coil2000,v3.5_default,5000,tabpfn,0,,False,,2.28,2.9,0.18470528863041044,0.04971724360696507,0.815000270177777
coil2000,v3.5_default,5000,cat,0,,False,,1.51,0.0,0.19587971183319622,0.05188545464985215,0.7819305102757614
coil2000,v3.5_default,5000,xgb,0,,False,,0.17,0.0,0.2565070688724518,0.06053311750292778,0.7443037518687297
coil2000,v3.5_default,5000,lgbm,0,,False,,0.38,0.0,0.23339543570244406,0.05668868465309628,0.7512383148111458
coil2000,v3.5_default,5000,tabpfn,1,,False,,2.39,2.79,0.2005029655017516,0.052298839302067766,0.7577405933103982
coil2000,v3.5_default,5000,cat,1,,False,,1.42,0.0,0.22268411468163749,0.055984109305787885,0.7068931356832796
coil2000,v3.5_default,5000,xgb,1,,False,,0.14,0.0,0.2853335738182068,0.061962567269802094,0.69774311496965
coil2000,v3.5_default,5000,lgbm,1,,False,,0.51,0.0,0.26828958330733405,0.05964638952251967,0.6872151875934365
coil2000,v3.5_default,5000,tabpfn,2,,False,,4.19,2.45,0.19569670324423966,0.05221457802514717,0.783936170212766
coil2000,v3.5_default,5000,cat,2,,False,,1.47,0.0,0.20989257361276506,0.0549790993349911,0.7476418439716311
coil2000,v3.5_default,5000,xgb,2,,False,,0.15,0.0,0.29427793622016907,0.06720387190580368,0.7111613475177305
coil2000,v3.5_default,5000,lgbm,2,,False,,0.46,0.0,0.25719429386685283,0.061049894020335484,0.7133421985815602
coil2000,v3.5_default,5000,tabpfn,3,,False,,2.27,2.7,0.19797426659721187,0.0516912046767749,0.7664627659574467
coil2000,v3.5_default,5000,cat,3,,False,,1.3,0.0,0.2180338776479932,0.05475493832792625,0.7060726950354609
coil2000,v3.5_default,5000,xgb,3,,False,,0.13,0.0,0.31571125984191895,0.0648740828037262,0.6333244680851065
coil2000,v3.5_default,5000,lgbm,3,,False,,0.39,0.0,0.2701143941232051,0.06134964028051536,0.6769414893617023
coil2000,v3.5_default,5000,tabpfn,4,,False,,4.09,2.65,0.19694063916489662,0.05227217318962993,0.7764627659574468
coil2000,v3.5_default,5000,cat,4,,False,,1.32,0.0,0.20525815900026623,0.05309848239853389,0.7489804964539007
coil2000,v3.5_default,5000,xgb,4,,False,,0.16,0.0,0.2659679055213928,0.061917733401060104,0.7280939716312056
coil2000,v3.5_default,5000,lgbm,4,,False,,0.43,0.0,0.24992485640132636,0.05963262227012273,0.7260549645390071
coil2000,v3.5_default,9822,tabpfn,0,,False,,1.97,3.21,0.195369378170352,0.052139855515809186,0.7812673437673437
coil2000,v3.5_default,9822,cat,0,,False,,2.04,0.0,0.20261956867774347,0.05374537503632833,0.7661158286158286
coil2000,v3.5_default,9822,xgb,0,,False,,0.17,0.0,0.24594727158546448,0.059137582778930664,0.7067076442076443
coil2000,v3.5_default,9822,lgbm,0,,False,,0.45,0.0,0.2175784879518699,0.05627407966223406,0.7417351167351167
coil2000,v3.5_default,9822,tabpfn,1,,False,,1.98,3.25,0.19734846412126225,0.05284316124137919,0.7819322217430005
coil2000,v3.5_default,9822,cat,1,,False,,2.02,0.0,0.20983684686372284,0.05529180932832325,0.7447624640966111
coil2000,v3.5_default,9822,xgb,1,,False,,0.17,0.0,0.2517099976539612,0.06172768771648407,0.7081433015517605
coil2000,v3.5_default,9822,lgbm,1,,False,,0.47,0.0,0.22494430799779028,0.0585167816079619,0.7364783019647069
coil2000,v3.5_default,9822,tabpfn,2,,False,,1.91,3.25,0.20305838531497283,0.05354147269675077,0.7516994525657221
coil2000,v3.5_default,9822,cat,2,,False,,2.12,0.0,0.21617223170546332,0.05654073353212531,0.7285943016858014
coil2000,v3.5_default,9822,xgb,2,,False,,0.16,0.0,0.26530539989471436,0.06346482038497925,0.6788994858837848
coil2000,v3.5_default,9822,lgbm,2,,False,,0.47,0.0,0.2303955375191284,0.05847001687369703,0.7208478521418423
coil2000,v3.5_default,9822,tabpfn,3,,False,,1.99,3.36,0.1909997201794399,0.05130500098772074,0.7996450700836191
coil2000,v3.5_default,9822,cat,3,,False,,2.08,0.0,0.20359288373295165,0.053411980786968384,0.7623612325832141
coil2000,v3.5_default,9822,xgb,3,,False,,0.13,0.0,0.23251481354236603,0.05783223360776901,0.7461094220704398
coil2000,v3.5_default,9822,lgbm,3,,False,,0.46,0.0,0.21602618740323298,0.05559823370032515,0.7531062152069191
coil2000,v3.5_default,9822,tabpfn,4,,False,,2.21,3.14,0.19729313160639309,0.05177166386122405,0.7697004613626162
coil2000,v3.5_default,9822,cat,4,,False,,2.08,0.0,0.20891376490422606,0.05383620232004383,0.7325276840707268
coil2000,v3.5_default,9822,xgb,4,,False,,0.17,0.0,0.25156715512275696,0.057914622128009796,0.6893021254147406
coil2000,v3.5_default,9822,lgbm,4,,False,,0.47,0.0,0.22072643858416852,0.055704801377047315,0.7298113364707841
uslapseagent,v3.5_default,1000,tabpfn,0,,False,,2.09,1.42,0.181277639618461,0.0561376849787302,0.98144
uslapseagent,v3.5_default,1000,cat,0,,False,,0.55,0.0,0.2049997766839307,0.06468886068754426,0.96064
uslapseagent,v3.5_default,1000,xgb,0,,False,,0.12,0.0,0.2786199748516083,0.07672341167926788,0.9579733333333333
uslapseagent,v3.5_default,1000,lgbm,0,,False,,0.28,0.0,0.25524773092457587,0.07038783147758734,0.9570133333333333
uslapseagent,v3.5_default,1000,tabpfn,1,,False,,4.11,1.3,0.25207080303731083,0.08291773715635553,0.9399405772495756
uslapseagent,v3.5_default,1000,cat,1,,False,,0.56,0.0,0.335177847646693,0.10753115916564346,0.9016341256366723
uslapseagent,v3.5_default,1000,xgb,1,,False,,0.12,0.0,0.4862784445285797,0.12854506075382233,0.9033319185059423
uslapseagent,v3.5_default,1000,lgbm,1,,False,,0.29,0.0,0.43421414271921877,0.1158761405239213,0.9056663837011885
uslapseagent,v3.5_default,1000,tabpfn,2,,False,,2.11,1.29,0.2423934303497903,0.07743586688692304,0.950021222410866
uslapseagent,v3.5_default,1000,cat,2,,False,,0.55,0.0,0.29075325050562123,0.08995658168494333,0.9234932088285229
uslapseagent,v3.5_default,1000,xgb,2,,False,,0.09,0.0,0.4498063623905182,0.10951951891183853,0.9156409168081494
uslapseagent,v3.5_default,1000,lgbm,2,,False,,0.29,0.0,0.3847931364836205,0.10205080036799813,0.9242359932088284
uslapseagent,v3.5_default,1000,tabpfn,3,,False,,2.18,1.32,0.24515146749791836,0.08068961493845364,0.946095076400679
uslapseagent,v3.5_default,1000,cat,3,,False,,0.55,0.0,0.2551018819838546,0.08237487174033852,0.9379244482173175
uslapseagent,v3.5_default,1000,xgb,3,,False,,0.11,0.0,0.31399592757225037,0.09352903068065643,0.9363327674023769
uslapseagent,v3.5_default,1000,lgbm,3,,False,,0.29,0.0,0.3122899794485925,0.0931368166013057,0.929223259762309
uslapseagent,v3.5_default,1000,tabpfn,4,,False,,4.21,1.28,0.2389123466837164,0.0777839545983136,0.9529923599320882
uslapseagent,v3.5_default,1000,cat,4,,False,,0.56,0.0,0.2956620153970139,0.0890479326550159,0.9205220713073005
uslapseagent,v3.5_default,1000,xgb,4,,False,,0.12,0.0,0.39011284708976746,0.09882285445928574,0.9211587436332767
uslapseagent,v3.5_default,1000,lgbm,4,,False,,0.3,0.0,0.3427193285516095,0.09480397752635789,0.9289049235993209
uslapseagent,v3.5_default,5000,tabpfn,0,,False,,2.66,1.59,0.2451838687197083,0.08126875164640004,0.9467706779855454
uslapseagent,v3.5_default,5000,cat,0,,False,,1.07,0.0,0.25278688854956055,0.08240608022787595,0.9434990801286546
uslapseagent,v3.5_default,5000,xgb,0,,False,,0.12,0.0,0.281581312417984,0.08913391828536987,0.9379883497125667
uslapseagent,v3.5_default,5000,lgbm,0,,False,,0.4,0.0,0.2642660179958515,0.086455745032339,0.9395774115287708
uslapseagent,v3.5_default,5000,tabpfn,1,,False,,2.24,1.57,0.24674160653586955,0.08036843729428554,0.9503184496874987
uslapseagent,v3.5_default,5000,cat,1,,False,,1.07,0.0,0.28315451313268475,0.09141532471217627,0.9258282028730578
uslapseagent,v3.5_default,5000,xgb,1,,False,,0.13,0.0,0.3126099705696106,0.09568872302770615,0.9276636967356251
uslapseagent,v3.5_default,5000,lgbm,1,,False,,0.4,0.0,0.28710262719169943,0.09275215592199239,0.9269923818507046
uslapseagent,v3.5_default,5000,tabpfn,2,,False,,4.17,1.73,0.2344297526184503,0.07648648531919337,0.9550304003670987
uslapseagent,v3.5_default,5000,cat,2,,False,,1.08,0.0,0.2640250573349569,0.08633304540225112,0.9399173177996168
uslapseagent,v3.5_default,5000,xgb,2,,False,,0.12,0.0,0.30418580770492554,0.0959421843290329,0.9369176449594024
uslapseagent,v3.5_default,5000,lgbm,2,,False,,0.39,0.0,0.2770045857448706,0.09091801701384238,0.9352308600903301
uslapseagent,v3.5_default,5000,tabpfn,3,,False,,4.18,1.53,0.2551859627396295,0.08357794243893492,0.9447847020194287
uslapseagent,v3.5_default,5000,cat,3,,False,,1.08,0.0,0.27481975283346344,0.0902144113505036,0.9333733135983939
uslapseagent,v3.5_default,5000,xgb,3,,False,,0.13,0.0,0.3227570652961731,0.1016399934887886,0.9295730618077885
uslapseagent,v3.5_default,5000,lgbm,3,,False,,0.4,0.0,0.2872751476821634,0.09275782788173503,0.9323206417257864
uslapseagent,v3.5_default,5000,tabpfn,4,,False,,2.19,1.65,0.2535616507100859,0.08331658107377007,0.9428197145238946
uslapseagent,v3.5_default,5000,cat,4,,False,,1.08,0.0,0.28415475387458616,0.093525538718454,0.9285799350108032
uslapseagent,v3.5_default,5000,xgb,4,,False,,0.13,0.0,0.34112489223480225,0.10618483275175095,0.9222979295326561
uslapseagent,v3.5_default,5000,lgbm,4,,False,,0.4,0.0,0.3033777997741015,0.09915366834490977,0.9234420456285408
uslapseagent,v3.5_default,29317,tabpfn,0,,False,,2.14,4.97,0.231484549124659,0.07438478563146302,0.9542384865655995
uslapseagent,v3.5_default,29317,cat,0,,False,,3.06,0.0,0.24071971320676003,0.07781409056768833,0.9487154003619426
uslapseagent,v3.5_default,29317,xgb,0,,False,,0.17,0.0,0.25237366557121277,0.0817137211561203,0.9451454816506958
uslapseagent,v3.5_default,29317,lgbm,0,,False,,0.46,0.01,0.24115916802841214,0.07828238026871567,0.9479748271872311
uslapseagent,v3.5_default,29317,tabpfn,1,,False,,4.27,5.11,0.24096676184877872,0.07863347406821858,0.9523167171012945
uslapseagent,v3.5_default,29317,cat,1,,False,,3.07,0.0,0.2541135007948911,0.08312273791437799,0.9439456196042365
uslapseagent,v3.5_default,29317,xgb,1,,False,,0.16,0.0,0.2646231949329376,0.08680422604084015,0.9415162280831876
uslapseagent,v3.5_default,29317,lgbm,1,,False,,0.46,0.01,0.25395793934774186,0.08327645148284545,0.9443634358837433
uslapseagent,v3.5_default,29317,tabpfn,2,,False,,2.56,5.21,0.2536643586614343,0.08326316167103745,0.9446738531009735
uslapseagent,v3.5_default,29317,cat,2,,False,,3.05,0.0,0.2637195742405559,0.0863481437565799,0.9391885709481099
uslapseagent,v3.5_default,29317,xgb,2,,False,,0.16,0.0,0.2782866358757019,0.09097083657979965,0.9341917610720795
uslapseagent,v3.5_default,29317,lgbm,2,,False,,0.45,0.01,0.2628519474354506,0.08651356951033844,0.9396968269394841
uslapseagent,v3.5_default,29317,tabpfn,3,,False,,2.19,5.14,0.2566331414059647,0.08442017283104321,0.9438807841073179
uslapseagent,v3.5_default,29317,cat,3,,False,,3.05,0.0,0.26166907068421263,0.08612108750110063,0.9406368584062699
uslapseagent,v3.5_default,29317,xgb,3,,False,,0.16,0.0,0.27381569147109985,0.09022563695907593,0.9372087262535067
uslapseagent,v3.5_default,29317,lgbm,3,,False,,0.46,0.01,0.26393026621223353,0.08707253420401863,0.9390165960181232
uslapseagent,v3.5_default,29317,tabpfn,4,,False,,2.21,5.04,0.23626404487236527,0.07700878378989684,0.9519560016799332
uslapseagent,v3.5_default,29317,cat,4,,False,,3.02,0.0,0.244062306552391,0.07975973130058246,0.9472685998429887
uslapseagent,v3.5_default,29317,xgb,4,,False,,0.16,0.0,0.25693416595458984,0.08402074873447418,0.9426988700025574
uslapseagent,v3.5_default,29317,lgbm,4,,False,,0.46,0.01,0.2464560596049925,0.08060297227323784,0.9451819160834802
bemtl97,v3.5_default,1000,tabpfn,0,,False,,2.2,1.33,0.34587880882818467,0.09778930418865507,0.5334525025536261
bemtl97,v3.5_default,1000,cat,0,,False,,0.46,0.0,0.370158924375159,0.10327347564292805,0.5612870275791624
bemtl97,v3.5_default,1000,xgb,0,,False,,0.12,0.0,0.5184314250946045,0.1170431599020958,0.530388151174668
bemtl97,v3.5_default,1000,lgbm,0,,False,,0.33,0.0,0.5015737844790968,0.11606923527413268,0.5472420837589378
bemtl97,v3.5_default,1000,tabpfn,1,,False,,4.08,1.29,0.34845068402756646,0.09832985194236922,0.4489274770173647
bemtl97,v3.5_default,1000,cat,1,,False,,0.45,0.0,0.37450132454359325,0.10320248147840623,0.5035750766087844
bemtl97,v3.5_default,1000,xgb,1,,False,,0.12,0.0,0.5451421141624451,0.12185860425233841,0.5038304392236976
bemtl97,v3.5_default,1000,lgbm,1,,False,,0.35,0.0,0.5142797791457557,0.11758475258061094,0.5130234933605721
bemtl97,v3.5_default,1000,tabpfn,2,,False,,2.17,1.33,0.34673266123562013,0.09795226792621181,0.4871041879468846
bemtl97,v3.5_default,1000,cat,2,,False,,0.46,0.0,0.3608284244966243,0.10103371635273245,0.5812053115423902
bemtl97,v3.5_default,1000,xgb,2,,False,,0.1,0.0,0.5255689024925232,0.12547975778579712,0.5278345250255363
bemtl97,v3.5_default,1000,lgbm,2,,False,,0.35,0.0,0.49184818775935135,0.119594613390577,0.551838610827375
bemtl97,v3.5_default,1000,tabpfn,3,,False,,2.11,1.47,0.35715506288569526,0.10186916241676496,0.4831736674035863
bemtl97,v3.5_default,1000,cat,3,,False,,0.45,0.0,0.37737634691083904,0.10408256312821827,0.5359862441660526
bemtl97,v3.5_default,1000,xgb,3,,False,,0.12,0.0,0.5211074352264404,0.12026159465312958,0.5212478506509457
bemtl97,v3.5_default,1000,lgbm,3,,False,,0.36,0.0,0.5117300933746182,0.11496566620694758,0.5354949643822157
bemtl97,v3.5_default,1000,tabpfn,4,,False,,2.16,1.26,0.3555831867687376,0.10152972399177061,0.5556374355195284
bemtl97,v3.5_default,1000,cat,4,,False,,0.46,0.0,0.3607578856981196,0.10218120299363004,0.6025546548759518
bemtl97,v3.5_default,1000,xgb,4,,False,,0.11,0.0,0.5482504367828369,0.11981397867202759,0.5065094571358388
bemtl97,v3.5_default,1000,lgbm,4,,False,,0.34,0.0,0.5321646676380596,0.12081810508201846,0.49692950135101943
bemtl97,v3.5_default,5000,tabpfn,0,,False,,2.02,1.5,0.3448791692762831,0.09814045188178566,0.6036337676962678
bemtl97,v3.5_default,5000,cat,0,,False,,1.19,0.0,0.35146460975396293,0.09933364516061667,0.5868524774774775
bemtl97,v3.5_default,5000,xgb,0,,False,,0.13,0.0,0.4125630855560303,0.10853936523199081,0.5686936936936937
bemtl97,v3.5_default,5000,lgbm,0,,False,,0.4,0.0,0.37213157574705336,0.10214959088492155,0.587134009009009
bemtl97,v3.5_default,5000,tabpfn,1,,False,,2.22,1.59,0.3457185325303087,0.09870036416259574,0.5899292149292149
bemtl97,v3.5_default,5000,cat,1,,False,,0.97,0.0,0.36170717470748964,0.10154414558383658,0.5528675997425998
bemtl97,v3.5_default,5000,xgb,1,,False,,0.13,0.0,0.41994646191596985,0.11210963129997253,0.5378961550836551
bemtl97,v3.5_default,5000,lgbm,1,,False,,0.43,0.0,0.39267581204692853,0.10664863780234611,0.5239653716216217
bemtl97,v3.5_default,5000,tabpfn,2,,False,,2.09,1.58,0.33809972979999947,0.0969777916585391,0.658482142857143
bemtl97,v3.5_default,5000,cat,2,,False,,0.97,0.0,0.34831747084554665,0.09905572738261538,0.5993605212355212
bemtl97,v3.5_default,5000,xgb,2,,False,,0.14,0.0,0.39328745007514954,0.10622666776180267,0.5924227799227799
bemtl97,v3.5_default,5000,lgbm,2,,False,,0.43,0.0,0.3621951546044012,0.10161605361062119,0.6027690637065637
bemtl97,v3.5_default,5000,tabpfn,3,,False,,4.16,1.58,0.34391700246490814,0.09826249291893693,0.6046593468468469
bemtl97,v3.5_default,5000,cat,3,,False,,1.0,0.0,0.3539830547516787,0.10016814942258821,0.560006435006435
bemtl97,v3.5_default,5000,xgb,3,,False,,0.13,0.0,0.39472949504852295,0.10588639229536057,0.5513694498069498
bemtl97,v3.5_default,5000,lgbm,3,,False,,0.41,0.0,0.374663741052905,0.10374117475839843,0.5469051640926641
bemtl97,v3.5_default,5000,tabpfn,4,,False,,2.2,1.75,0.34712416816608566,0.0985969932176067,0.580085666023166
bemtl97,v3.5_default,5000,cat,4,,False,,1.0,0.0,0.35706946461429373,0.10106975754156679,0.5941521879021879
bemtl97,v3.5_default,5000,xgb,4,,False,,0.13,0.0,0.4320663809776306,0.1155540868639946,0.5366594272844273
bemtl97,v3.5_default,5000,lgbm,4,,False,,0.4,0.0,0.3875327999465832,0.10674224703659585,0.560871138996139
bemtl97,v3.5_default,163212,tabpfn,0,,True,,4.0,59.8,0.34210075847571153,0.09777648710547755,0.6135856456893565
bemtl97,v3.5_default,163212,cat,0,,True,,9.21,0.01,0.3454247945121605,0.09851172224582289,0.6027409414044279
bemtl97,v3.5_default,163212,xgb,0,,True,,0.26,0.01,0.34724998474121094,0.09887785464525223,0.5972013155901246
bemtl97,v3.5_default,163212,lgbm,0,,True,,0.61,0.03,0.34369976039757205,0.0981017574230782,0.6055729190532027
bemtl97,v3.5_default,163212,tabpfn,1,,True,,2.05,59.36,0.34025700882347965,0.09735593509491235,0.6242737312689604
bemtl97,v3.5_default,163212,cat,1,,True,,9.91,0.01,0.34371414295393177,0.0980907472383323,0.6100962622959979
bemtl97,v3.5_default,163212,xgb,1,,True,,0.26,0.01,0.34495776891708374,0.09833136200904846,0.6073417237417171
bemtl97,v3.5_default,163212,lgbm,1,,True,,0.62,0.03,0.3417459950166766,0.09772378969889765,0.6158749967201863
bemtl97,v3.5_default,163212,tabpfn,2,,True,,4.18,59.0,0.33979912055203965,0.09726971214145567,0.6284231994747209
bemtl97,v3.5_default,163212,cat,2,,True,,9.22,0.01,0.3428473299925348,0.09795807810192532,0.6176296964481978
bemtl97,v3.5_default,163212,xgb,2,,True,,0.28,0.01,0.34402450919151306,0.09811796247959137,0.6136056462312437
bemtl97,v3.5_default,163212,lgbm,2,,True,,0.61,0.03,0.34079060807047074,0.09744955981213184,0.6242484094832454
bemtl97,v3.5_default,163212,tabpfn,3,,True,,2.1,59.38,0.33931365203149216,0.09711721126710414,0.631595997771915
bemtl97,v3.5_default,163212,cat,3,,True,,9.25,0.01,0.3423085677293274,0.09771942931726808,0.6186888815718466
bemtl97,v3.5_default,163212,xgb,3,,True,,0.26,0.01,0.34383442997932434,0.09807957708835602,0.6157075602124958
bemtl97,v3.5_default,163212,lgbm,3,,True,,0.61,0.03,0.3408010799381379,0.09745989214352498,0.624059735821006
bemtl97,v3.5_default,163212,tabpfn,4,,True,,2.03,59.46,0.3407383381860574,0.09741917290142889,0.619316919132153
bemtl97,v3.5_default,163212,cat,4,,True,,9.49,0.01,0.34385963447049683,0.09813737935674675,0.6083383385646199
bemtl97,v3.5_default,163212,xgb,4,,True,,0.26,0.01,0.3454173803329468,0.09836404770612717,0.6055100080950482
bemtl97,v3.5_default,163212,lgbm,4,,True,,0.61,0.03,0.341823067717101,0.09766658196747284,0.614580921859542
