run,fold,n_train,log_loss,auc,brier,pr_auc,lift10
fraction_0.9,0,16603,0.370781,0.635467,0.108664,0.213767,2.03478
fraction_0.9,1,16603,0.376488,0.616693,0.109904,0.194329,1.72664
fraction_0.9,2,16603,0.373735,0.629215,0.109376,0.197617,1.86206
fraction_0.9,3,16603,0.370206,0.645072,0.108801,0.209341,1.89592
fraction_0.9,4,16603,0.372324,0.637592,0.109284,0.19754,1.81128
full,0,18448,0.370518,0.63543,0.108645,0.215212,1.98391
full,1,18448,0.377048,0.615109,0.110003,0.192222,1.87899
full,2,18448,0.372947,0.631928,0.109227,0.199544,1.87899
full,3,18448,0.370122,0.646326,0.108798,0.210262,1.99748
full,4,18448,0.37213,0.636877,0.109251,0.198262,1.8282
